date_found,source_platform,source_url,card_name,card_type,company_name,company_website,app_store_link,play_store_link,parent_company,issuing_bank,ceo_or_founders,contact_email,physical_address,phone_number,terms_conditions_url,privacy_policy_url,notes
2026-02-12,Web (https://www.bitsika.com › crypto-virtual-card-united-sta...),https://www.bitsika.com/crypto-virtual-card-united-states,Crypto Virtual,Virtual,Bitsika,https://www.bitsika.com,https://apps.apple.com/us/app/cheapest-visa-cards-bitsika/id1478570397,https://play.google.com/store/apps/details?id=africa.bitsika.bitsika_mobile&amp;hl=en_GB&amp;gl=US,,,,,,,https://www.bitsika.com/terms-conditions,https://www.bitsika.com/privacy-policy,"The virtual Visa card handles day-to-day digital payments smoothly, no-KYC signup keeps access open even where verification is difficult, and crypto top-ups ... | Enrichment error: name 'extract_contacts' is not defined"
2026-02-12,Web (https://www.bitcoin.com › cards › anonymous-cards),https://www.bitcoin.com/cards/anonymous-cards/,Best Anonymous Crypto,Virtual,Buy Bitcoin &amp; cryptocurrency,https://www.bitcoin.com,https://apps.apple.com/us/app/bitcoin-com-wallet-buy-sell/id1252903728?ls=1,https://play.google.com/store/apps/details?id=com.bitcoin.mwallet&amp;pli=1,,,,,,,https://www.bitcoin.com/directory/?dir=cryptos,,Spend crypto anonymously with virtual cards no KYC needed · Top up with Bitcoin USDT Ethereum and USDC instantly · Use globally at Visa-accepting merchants online ... | Enrichment error: name 'extract_contacts' is not defined
2026-02-12,X/Twitter,https://x.com/defyneric/status/2021283813008044299,another no kyc crypto card provider bites the dust same ...,Unknown,,,,,,,,,,,,,"As long as Visa and Mastercard sit underneath these products, unlimited no KYC spending is not possible. No amount of branding, clever messaging ... | No website found to enrich"
2026-02-12,Reddit r/bitcoin,https://www.reddit.com/r/Bitcoin/comments/1gqlp6g/best_crypto_debit_card_without_kyc/,Best crypto debit card without KYC,Debit,,,,,,,,,,,,,My advice is to use rewarble for a no kyc visa. It has high fees but no kyc till 5K$. I'm using it for about 3 months now and exchanging ... | No website found to enrich
2026-02-12,Web (https://www.bitsika.com),https://www.bitsika.com/,Crypto Virtual,Virtual,Bitsika,https://www.bitsika.com,https://apps.apple.com/us/app/cheapest-visa-cards-bitsika/id1478570397,https://play.google.com/store/apps/details?id=africa.bitsika.bitsika_mobile&amp;hl=en_GB&amp;gl=US,,,,,,,https://www.bitsika.com/terms-conditions,https://www.bitsika.com/privacy-policy,"The virtual Visa card makes everyday digital payments easy, while the no-KYC signup ensures convenient access where verification can be challenging. Users ... | Enrichment error: name 'extract_contacts' is not defined"
2026-02-12,Web (https://www.bleap.finance › blog › crypto-cards-withou...),https://www.bleap.finance/blog/crypto-cards-without-kyc,Crypto,Unknown,Bleap Crypto Card [2% cashback],https://www.bleap.finance,,,a distributed private key used in MPC signing,Unlimit,,,,,https://www.bleap.finance/about/bleap-wallet-terms,https://www.bleap.finance/about/privacy-policy,"While self-custodial crypto wallets can operate without KYC, cards connected to Visa or Mastercard must comply with financial regulations almost ... | Enrichment error: name 'extract_contacts' is not defined"
2026-02-12,Web (https://www.visa.com › En us › Personal › Cards),https://www.visa.com/en-us/personal/cards/prepaid,Visa Prepaid,Prepaid,"Access payment solutions, security, and card benefits",https://www.visa.com,,,,,,,,,,,Visa Prepaid cards provide peace-of-mind protection and easy access to your money. If your card is lost or stolen Visa works with your bank to help keep ... | Enrichment error: name 'extract_contacts' is not defined
2026-02-12,Web (https://discuss.privacyguides.net › can-prepaid-visa-mas...),https://discuss.privacyguides.net/t/can-prepaid-visa-mastercard-be-used-for-anonymous-payments/23064,Can,Prepaid,Privacy Guides Community,https://discuss.privacyguides.net,,,a class action or other representative proceeding,you or not,,,,,https://discuss.privacyguides.net/tos,https://discuss.privacyguides.net/,You could go buy one and test the waters. I know in the US that there is no information verification for the pre-paid Visa/Mastercard gift cards. | Enrichment error: name 'extract_contacts' is not defined
2026-02-12,X/Twitter,https://phemex.com/news/article/digitap-tap-introduces-kycfree-visa-card-with-unique-features-50083,Free Visa,Unknown,,,,,,,,,,,,,"Digitap ($TAP) launches a KYC-free Visa card, offering crypto and fiat spending, instant card access, and unlimited card creation, ... | No website found to enrich"
2026-02-12,Web (https://www.kucoin.com › Home › News › Details),https://www.kucoin.com/en-demo/news/flash/digitap-tap-launches-kyc-free-visa-card-with-four-key-advantages-over-traditional-banks,Free Visa,Unknown,Crypto Exchange,https://www.kucoin.com,https://apps.apple.com/us/app/kucoin-buy-bitcoin-ether/id1378956601,https://play.google.com/store/apps/details?id=com.kubi.kucoin,cooperation partners,any financial institution or platform,,,,,https://www.kucoin.com/support/47185419968079,https://www.kucoin.com/support/47497300093764,Digitap ($TAP) has launched a KYC-free Visa card with four key advantages over traditional banks. The card supports crypto and fiat spending without ... | Enrichment error: name 'extract_contacts' is not defined
2026-02-12,Web (https://discuss.privacyguides.net › 2fiat-com-kyc-free-v...),https://discuss.privacyguides.net/t/2fiat-com-kyc-free-virtual-prepaid-mastercard-paid-with-crypto/31153,2fiat.com,Prepaid/Credit/Virtual,Visa,https://discuss.privacyguides.net,,,a class action or other representative proceeding,you or not,,,,,https://discuss.privacyguides.net/tos,https://discuss.privacyguides.net/,"2fiat.com - KYC-free virtual prepaid mastercard paid with crypto ... credit card issued directly by Visa, without any bank involved. | Enrichment error: name 'extract_contacts' is not defined"
2026-02-12,Web (https://www.binance.com › square › post),https://www.binance.com/en/square/post/33614059586953,Visa,Unknown,,https://www.binance.com,,,,,,,,,,,"The KYC-free Visa card currency TAP has raised $2.3 million—opportunity or pitfall? As regulations tighten, privacy demand has quietly surged. Digitap's ... | Enrichment error: name 'extract_contacts' is not defined"
2026-02-12,Web (https://alchemypay.org › news-and-press › alchemy-pay-...),https://alchemypay.org/news-and-press/alchemy-pay-empowers-bit-store-to-introduce-kyc-free-virtual-crypto-card,Free Virtual Crypto,Prepaid/Virtual,Alchemy Pay,https://alchemypay.org,,,,,,,,,,,"Store in launching a KYC-free virtual crypto card—specifically, a Mastercard prepaid card. ... Visa and Mastercard have recognized it as an ... | Enrichment error: name 'extract_contacts' is not defined"
2026-02-12,Reddit r/defi,https://www.reddit.com/r/defi/comments/1ny77j1/virtual_visa_cards_that_accept_crypto_usdtusdc/,Virtual VISA,Virtual,,,,,,,,,,,,,no kyc? More replies · C4nn1b4L6 ... My firm issues these and partners with one of 2 American banks that will actually allow you to get a VISA ... | No website found to enrich
2026-02-12,Reddit r/bitcoin,https://www.reddit.com/r/Bitcoin/comments/xcewhn/is_there_any_physical_bitcoin_debit_card_that/,Physical Bitcoin Debit,Prepaid/Debit,,,,,,,,,,,,,- get prepaid anonymous visa cards funded with lightning. https ... card that can be funded with crypto but no kyc. StoredWarriorr29. • 3y ... | No website found to enrich
2026-02-12,LinkedIn,https://www.linkedin.com/posts/cyrille-de-lange_crypto-credit-card-scams-are-back-and-50000-activity-7426935240998322177-qxX8,Cyrille de Lange's Post,Unknown,LinkedIn,,,,the Services and they copied,,,,,,https://www.linkedin.com/legal/user-agreement?trk=linkedin-tc_auth-button_user-agreement,https://www.linkedin.com/legal/privacy-policy?trk=linkedin-tc_auth-button_privacy-policy,As long as Visa and Mastercard sit underneath these products no KYC spending is structurally impossible. If the program you're using skipped ... | Enrichment error: name 'extract_contacts' is not defined
2026-02-12,LinkedIn,https://www.linkedin.com/posts/jasonmikula_fintechnews-banking-compliance-activity-7091413010304364544-SFr2,Jason Mikula's Post,Unknown,Stripe,,,,the Services and they copied,,,,,,https://www.linkedin.com/legal/user-agreement?trk=linkedin-tc_auth-button_user-agreement,https://www.linkedin.com/legal/privacy-policy?trk=linkedin-tc_auth-button_privacy-policy,"Compliance in BaaS is HARD. The latest problematic example: Laso's ""no KYC"" stablecoin card, powered by Stripe, Celtic Bank & Visa. | Enrichment error: name 'extract_contacts' is not defined"
2026-02-12,LinkedIn,https://www.linkedin.com/posts/serhii-creative-narrative_crypto-card-cryptocard-activity-7354038319917240321-vXAJ,Crypto,Unknown,LinkedIn,,,,the Services and they copied,,,,,,https://www.linkedin.com/legal/user-agreement?trk=linkedin-tc_auth-button_user-agreement,https://www.linkedin.com/legal/privacy-policy?trk=linkedin-tc_auth-button_privacy-policy,"... cards you can use to spend crypto anonymously - no KYC, no headaches. 1/ KemyCard - For big, private spenders - Works worldwide (Visa or ... | Enrichment error: name 'extract_contacts' is not defined"
